Date,Race/Ethnicity,All Cases,Ever Hospitaltized,Deaths
6/1/2020,Non-Hispanic White,26162,3813,2904
6/1/2020,Non-Hispanic Black/African American,8853,987,348
6/1/2020,Hispanic,18331,1290,445
6/1/2020,Non-Hispanic Asian,1875,291,128
6/1/2020,Non-Hispanic Other,4549,571,227
6/1/2020,Unknown/Missing,41035,3000,2983
6/2/2020,Non-Hispanic White,26390,3859,2947
6/2/2020,Non-Hispanic Black/African American,8904,993,349
6/2/2020,Hispanic,18470,1301,451
6/2/2020,Non-Hispanic Asian,1892,296,129
6/2/2020,Non-Hispanic Other,4574,581,228
6/2/2020,Unknown/Missing,40933,3033,2981
6/3/2020,Non-Hispanic White,26941,3897,2992
6/3/2020,Non-Hispanic Black/African American,9209,1013,354
6/3/2020,Hispanic,18691,1313,463
6/3/2020,Non-Hispanic Asian,1931,300,130
6/3/2020,Non-Hispanic Other,4644,595,230
6/3/2020,Unknown/Missing,40176,3033,2983
6/4/2020,Non-Hispanic White,27098,3954,3028
6/4/2020,Non-Hispanic Black/African American,9257,1023,356
6/4/2020,Hispanic,18811,1325,464
6/4/2020,Non-Hispanic Asian,1951,301,130
6/4/2020,Non-Hispanic Other,4708,604,232
6/4/2020,Unknown/Missing,40238,3031,2991
6/5/2020,Non-Hispanic White,27320,3986,3046
6/5/2020,Non-Hispanic Black/African American,9288,1033,358
6/5/2020,Hispanic,19010,1335,465
6/5/2020,Non-Hispanic Asian,1970,304,131
6/5/2020,Non-Hispanic Other,4746,611,237
6/5/2020,Unknown/Missing,40223,3034,2998
6/6/2020,Non-Hispanic White,27515,4014,3074
6/6/2020,Non-Hispanic Black/African American,9330,1039,361
6/6/2020,Hispanic,19145,1359,484
6/6/2020,Non-Hispanic Asian,1987,303,131
6/6/2020,Non-Hispanic Other,4795,614,238
6/6/2020,Unknown/Missing,40360,3040,3001
6/7/2020,Non-Hispanic White,29877,4936,5370
6/7/2020,Non-Hispanic Black/African American,9600,1204,606
6/7/2020,Hispanic,19268,1369,491
6/7/2020,Non-Hispanic Asian,2056,331,189
6/7/2020,Non-Hispanic Other,5083,798,504
6/7/2020,Unknown/Missing,37552,1755,156
6/8/2020,Non-Hispanic White,30009,4952,5392
6/8/2020,Non-Hispanic Black/African American,9617,1208,611
6/8/2020,Hispanic,19324,1374,496
6/8/2020,Non-Hispanic Asian,2065,333,190
6/8/2020,Non-Hispanic Other,5096,799,505
6/8/2020,Unknown/Missing,37515,1759,159
6/9/2020,Non-Hispanic White,30199,4999,5433
6/9/2020,Non-Hispanic Black/African American,9652,1216,617
6/9/2020,Hispanic,19436,1386,499
6/9/2020,Non-Hispanic Asian,2076,335,191
6/9/2020,Non-Hispanic Other,5133,807,509
6/9/2020,Unknown/Missing,37393,1764,159
6/10/2020,Non-Hispanic White,30422,5043,5467
6/10/2020,Non-Hispanic Black/African American,9729,1224,620
6/10/2020,Hispanic,19596,1400,501
6/10/2020,Non-Hispanic Asian,2092,335,192
6/10/2020,Non-Hispanic Other,5179,818,511
6/10/2020,Unknown/Missing,37138,1762,163
6/11/2020,Non-Hispanic White,30593,5088,5500
6/11/2020,Non-Hispanic Black/African American,9765,1238,625
6/11/2020,Hispanic,19712,1413,509
6/11/2020,Non-Hispanic Asian,2107,338,194
6/11/2020,Non-Hispanic Other,5232,825,510
6/11/2020,Unknown/Missing,37258,1752,154
6/12/2020,Non-Hispanic White,30752,5120,5534
6/12/2020,Non-Hispanic Black/African American,9805,1244,625
6/12/2020,Hispanic,19829,1424,514
6/12/2020,Non-Hispanic Asian,2124,339,194
6/12/2020,Non-Hispanic Other,5269,837,514
6/12/2020,Unknown/Missing,37280,1762,157
6/13/2020,Non-Hispanic White,30894,5144,5557
6/13/2020,Non-Hispanic Black/African American,9839,1250,627
6/13/2020,Hispanic,19936,1434,516
6/13/2020,Non-Hispanic Asian,2131,341,195
6/13/2020,Non-Hispanic Other,5295,841,519
6/13/2020,Unknown/Missing,37300,1762,162
6/14/2020,Non-Hispanic White,31004,5167,5597
6/14/2020,Non-Hispanic Black/African American,9859,1252,630
6/14/2020,Hispanic,20017,1440,523
6/14/2020,Non-Hispanic Asian,2150,346,202
6/14/2020,Non-Hispanic Other,5308,842,520
6/14/2020,Unknown/Missing,37265,1755,152
6/15/2020,Non-Hispanic White,31071,5179,5610
6/15/2020,Non-Hispanic Black/African American,9873,1255,630
6/15/2020,Hispanic,20064,1442,525
6/15/2020,Non-Hispanic Asian,2152,346,203
6/15/2020,Non-Hispanic Other,5322,843,523
6/15/2020,Unknown/Missing,37208,1752,156
6/16/2020,Non-Hispanic White,31180,5208,5624
6/16/2020,Non-Hispanic Black/African American,9906,1262,630
6/16/2020,Hispanic,20161,1446,525
6/16/2020,Non-Hispanic Asian,2161,348,204
6/16/2020,Non-Hispanic Other,5341,844,521
6/16/2020,Unknown/Missing,37136,1759,161
6/17/2020,Non-Hispanic White,31324,5246,5681
6/17/2020,Non-Hispanic Black/African American,9936,1265,634
6/17/2020,Hispanic,20255,1452,528
6/17/2020,Non-Hispanic Asian,2179,351,206
6/17/2020,Non-Hispanic Other,5382,851,521
6/17/2020,Unknown/Missing,37075,1760,164
6/18/2020,Non-Hispanic White,31465,5288,5722
6/18/2020,Non-Hispanic Black/African American,9962,1275,636
6/18/2020,Hispanic,20319,1457,532
6/18/2020,Non-Hispanic Asian,2189,353,206
6/18/2020,Non-Hispanic Other,5402,857,523
6/18/2020,Unknown/Missing,37085,1755,151
6/19/2020,Non-Hispanic White,31570,5312,5745
6/19/2020,Non-Hispanic Black/African American,9983,1278,638
6/19/2020,Hispanic,20404,1468,535
6/19/2020,Non-Hispanic Asian,2197,353,205
6/19/2020,Non-Hispanic Other,5417,862,525
6/19/2020,Unknown/Missing,37079,1763,152
6/20/2020,Non-Hispanic White,31708,5336,5771
6/20/2020,Non-Hispanic Black/African American,9998,1281,639
6/20/2020,Hispanic,20483,1479,539
6/20/2020,Non-Hispanic Asian,2205,355,206
6/20/2020,Non-Hispanic Other,5444,863,527
6/20/2020,Unknown/Missing,37098,1762,146
6/21/2020,Non-Hispanic White,31770,5342,5794
6/21/2020,Non-Hispanic Black/African American,10009,1281,641
6/21/2020,Hispanic,20522,1481,540
6/21/2020,Non-Hispanic Asian,2206,355,207
6/21/2020,Non-Hispanic Other,5454,866,527
6/21/2020,Unknown/Missing,37100,1760,149
6/22/2020,Non-Hispanic White,31851,5351,5810
6/22/2020,Non-Hispanic Black/African American,10020,1281,641
6/22/2020,Hispanic,20562,1481,540
6/22/2020,Non-Hispanic Asian,2207,355,207
6/22/2020,Non-Hispanic Other,5469,867,527
6/22/2020,Unknown/Missing,37101,1759,149
6/23/2020,Non-Hispanic White,32017,5392,5855
6/23/2020,Non-Hispanic Black/African American,10049,1292,646
6/23/2020,Hispanic,20651,1491,543
6/23/2020,Non-Hispanic Asian,2210,361,210
6/23/2020,Non-Hispanic Other,5480,872,529
6/23/2020,Unknown/Missing,37032,1749,107
6/24/2020,Non-Hispanic White,32153,5424,5881
6/24/2020,Non-Hispanic Black/African American,10080,1311,653
6/24/2020,Hispanic,20722,1503,550
6/24/2020,Non-Hispanic Asian,2226,364,210
6/24/2020,Non-Hispanic Other,5507,880,532
6/24/2020,Unknown/Missing,36923,1737,112
6/25/2020,Non-Hispanic White,32259,5444,5912
6/25/2020,Non-Hispanic Black/African American,10105,1316,655
6/25/2020,Hispanic,20797,1517,555
6/25/2020,Non-Hispanic Asian,2231,364,211
6/25/2020,Non-Hispanic Other,5516,889,536
6/25/2020,Unknown/Missing,36929,1722,94
6/26/2020,Non-Hispanic White,32384,5466,5945
6/26/2020,Non-Hispanic Black/African American,10125,1325,658
6/26/2020,Hispanic,20845,1520,555
6/26/2020,Non-Hispanic Asian,2237,364,214
6/26/2020,Non-Hispanic Other,5537,891,540
6/26/2020,Unknown/Missing,36942,1725,101
6/27/2020,Non-Hispanic White,32531,5483,5971
6/27/2020,Non-Hispanic Black/African American,10150,1329,664
6/27/2020,Hispanic,20907,1527,563
6/27/2020,Non-Hispanic Asian,2244,365,214
6/27/2020,Non-Hispanic Other,5556,887,536
6/27/2020,Unknown/Missing,37055,1719,93
6/28/2020,Non-Hispanic White,32609,5485,5981
6/28/2020,Non-Hispanic Black/African American,10162,1332,665
6/28/2020,Hispanic,20962,1531,566
6/28/2020,Non-Hispanic Asian,2251,366,214
6/28/2020,Non-Hispanic Other,5571,888,539
6/28/2020,Unknown/Missing,37112,1717,95
6/29/2020,Non-Hispanic White,32700,5506,6009
6/29/2020,Non-Hispanic Black/African American,10190,1335,666
6/29/2020,Hispanic,21020,1536,566
6/29/2020,Non-Hispanic Asian,2258,366,215
6/29/2020,Non-Hispanic Other,5580,888,542
6/29/2020,Unknown/Missing,37020,1714,97
6/30/2020,Non-Hispanic White,32769,5502,5989
6/30/2020,Non-Hispanic Black/African American,10209,1336,663
6/30/2020,Hispanic,21079,1536,562
6/30/2020,Non-Hispanic Asian,2260,365,214
6/30/2020,Non-Hispanic Other,5588,886,537
6/30/2020,Unknown/Missing,36977,1712,89
7/1/2020,Non-Hispanic White,32951,5520,6019
7/1/2020,Non-Hispanic Black/African American,10242,1337,664
7/1/2020,Hispanic,21133,1538,560
7/1/2020,Non-Hispanic Asian,2270,365,213
7/1/2020,Non-Hispanic Other,5606,883,537
7/1/2020,Unknown/Missing,36941,1709,88
7/2/2020,Non-Hispanic White,33120,5541,6072
7/2/2020,Non-Hispanic Black/African American,10283,1341,665
7/2/2020,Hispanic,21198,1550,563
7/2/2020,Non-Hispanic Asian,2277,365,213
7/2/2020,Non-Hispanic Other,5621,884,532
7/2/2020,Unknown/Missing,36839,1711,87
7/3/2020,Non-Hispanic White,33219,5568,6084
7/3/2020,Non-Hispanic Black/African American,10324,1342,665
7/3/2020,Hispanic,21279,1555,565
7/3/2020,Non-Hispanic Asian,2283,366,213
7/3/2020,Non-Hispanic Other,5635,888,534
7/3/2020,Unknown/Missing,36888,1717,88
7/4/2020,Non-Hispanic White,33316,5598,6126
7/4/2020,Non-Hispanic Black/African American,10346,1346,667
7/4/2020,Hispanic,21322,1557,569
7/4/2020,Non-Hispanic Asian,2288,369,214
7/4/2020,Non-Hispanic Other,5671,892,534
7/4/2020,Unknown/Missing,36895,1699,62
7/5/2020,Non-Hispanic White,33369,5599,6133
7/5/2020,Non-Hispanic Black/African American,10357,1347,669
7/5/2020,Hispanic,21357,1558,570
7/5/2020,Non-Hispanic Asian,2292,369,214
7/5/2020,Non-Hispanic Other,5681,893,534
7/5/2020,Unknown/Missing,36918,1697,63
7/6/2020,Non-Hispanic White,33421,5605,6143
7/6/2020,Non-Hispanic Black/African American,10370,1347,671
7/6/2020,Hispanic,21399,1560,570
7/6/2020,Non-Hispanic Asian,2299,369,214
7/6/2020,Non-Hispanic Other,5690,894,535
7/6/2020,Unknown/Missing,36958,1694,65
7/7/2020,Non-Hispanic White,33530,5618,6154
7/7/2020,Non-Hispanic Black/African American,10400,1349,672
7/7/2020,Hispanic,21461,1563,572
7/7/2020,Non-Hispanic Asian,2306,371,214
7/7/2020,Non-Hispanic Other,5708,895,535
7/7/2020,Unknown/Missing,36933,1693,66
7/8/2020,Non-Hispanic White,33658,5633,6174
7/8/2020,Non-Hispanic Black/African American,10414,1351,675
7/8/2020,Hispanic,21540,1570,572
7/8/2020,Non-Hispanic Asian,2314,372,215
7/8/2020,Non-Hispanic Other,5726,897,536
7/8/2020,Unknown/Missing,36950,1694,71
7/9/2020,Non-Hispanic White,33830,5670,6198
7/9/2020,Non-Hispanic Black/African American,10442,1356,679
7/9/2020,Hispanic,21614,1574,573
7/9/2020,Non-Hispanic Asian,2321,373,215
7/9/2020,Non-Hispanic Other,5757,898,538
7/9/2020,Unknown/Missing,36933,1688,65
7/10/2020,Non-Hispanic White,33921,5687,6220
7/10/2020,Non-Hispanic Black/African American,10465,1358,683
7/10/2020,Hispanic,21675,1579,573
7/10/2020,Non-Hispanic Asian,2326,373,215
7/10/2020,Non-Hispanic Other,5801,900,539
7/10/2020,Unknown/Missing,36922,1685,66
7/11/2020,Non-Hispanic White,34010,5702,6229
7/11/2020,Non-Hispanic Black/African American,10477,1362,684
7/11/2020,Hispanic,21753,1581,572
7/11/2020,Non-Hispanic Asian,2329,373,215
7/11/2020,Non-Hispanic Other,5828,900,541
7/11/2020,Unknown/Missing,37001,1682,69
7/12/2020,Non-Hispanic White,34076,5705,6240
7/12/2020,Non-Hispanic Black/African American,10493,1363,684
7/12/2020,Hispanic,21803,1585,575
7/12/2020,Non-Hispanic Asian,2334,373,215
7/12/2020,Non-Hispanic Other,5839,901,542
7/12/2020,Unknown/Missing,37052,1681,69
7/13/2020,Non-Hispanic White,34147,5708,6245
7/13/2020,Non-Hispanic Black/African American,10502,1364,684
7/13/2020,Hispanic,21825,1585,575
7/13/2020,Non-Hispanic Asian,2338,373,215
7/13/2020,Non-Hispanic Other,5864,901,541
7/13/2020,Unknown/Missing,37151,1680,70
7/14/2020,Non-Hispanic White,34298,5720,6254
7/14/2020,Non-Hispanic Black/African American,10534,1364,685
7/14/2020,Hispanic,21862,1587,573
7/14/2020,Non-Hispanic Asian,2344,373,215
7/14/2020,Non-Hispanic Other,5885,904,543
7/14/2020,Unknown/Missing,37207,1677,70
7/15/2020,Non-Hispanic White,34409,5742,6284
7/15/2020,Non-Hispanic Black/African American,10550,1366,686
7/15/2020,Hispanic,21915,1591,576
7/15/2020,Non-Hispanic Asian,2349,373,215
7/15/2020,Non-Hispanic Other,5913,909,545
7/15/2020,Unknown/Missing,37211,1670,62
7/16/2020,Non-Hispanic White,34531,5750,6294
7/16/2020,Non-Hispanic Black/African American,10571,1369,687
7/16/2020,Hispanic,21997,1594,575
7/16/2020,Non-Hispanic Asian,2361,375,216
7/16/2020,Non-Hispanic Other,5952,910,546
7/16/2020,Unknown/Missing,37169,1665,62
7/17/2020,Non-Hispanic White,34691,5770,6314
7/17/2020,Non-Hispanic Black/African American,10612,1374,690
7/17/2020,Hispanic,22079,1600,580
7/17/2020,Non-Hispanic Asian,2374,376,216
7/17/2020,Non-Hispanic Other,5978,910,544
7/17/2020,Unknown/Missing,37145,1661,58
7/18/2020,Non-Hispanic White,34827,5781,6327
7/18/2020,Non-Hispanic Black/African American,10642,1376,691
7/18/2020,Hispanic,22147,1604,581
7/18/2020,Non-Hispanic Asian,2386,377,217
7/18/2020,Non-Hispanic Other,6009,912,545
7/18/2020,Unknown/Missing,37227,1659,58
7/19/2020,Non-Hispanic White,34921,5786,6337
7/19/2020,Non-Hispanic Black/African American,10663,1377,691
7/19/2020,Hispanic,22198,1605,582
7/19/2020,Non-Hispanic Asian,2390,377,217
7/19/2020,Non-Hispanic Other,6035,914,545
7/19/2020,Unknown/Missing,37327,1658,59
7/20/2020,Non-Hispanic White,35006,5789,6340
7/20/2020,Non-Hispanic Black/African American,10674,1377,691
7/20/2020,Hispanic,22228,1606,582
7/20/2020,Non-Hispanic Asian,2394,377,217
7/20/2020,Non-Hispanic Other,6057,915,545
7/20/2020,Unknown/Missing,37430,1658,58
7/21/2020,Non-Hispanic White,35177,5804,6353
7/21/2020,Non-Hispanic Black/African American,10704,1387,693
7/21/2020,Hispanic,22285,1607,582
7/21/2020,Non-Hispanic Asian,2403,379,218
7/21/2020,Non-Hispanic Other,6070,913,544
7/21/2020,Unknown/Missing,37394,1656,60
7/22/2020,Non-Hispanic White,35350,5817,6366
7/22/2020,Non-Hispanic Black/African American,10731,1390,693
7/22/2020,Hispanic,22344,1611,586
7/22/2020,Non-Hispanic Asian,2409,379,218
7/22/2020,Non-Hispanic Other,6106,914,545
7/22/2020,Unknown/Missing,37380,1650,60
7/23/2020,Non-Hispanic White,35473,5820,6380
7/23/2020,Non-Hispanic Black/African American,10759,1393,696
7/23/2020,Hispanic,22397,1616,588
7/23/2020,Non-Hispanic Asian,2410,379,219
7/23/2020,Non-Hispanic Other,6129,916,547
7/23/2020,Unknown/Missing,37479,1646,54
7/24/2020,Non-Hispanic White,35629,5828,6389
7/24/2020,Non-Hispanic Black/African American,10782,1394,696
7/24/2020,Hispanic,22458,1617,590
7/24/2020,Non-Hispanic Asian,2418,380,219
7/24/2020,Non-Hispanic Other,6153,916,548
7/24/2020,Unknown/Missing,37545,1650,56
7/25/2020,Non-Hispanic White,35748,5847,6398
7/25/2020,Non-Hispanic Black/African American,10806,1395,697
7/25/2020,Hispanic,22508,1623,591
7/25/2020,Non-Hispanic Asian,2427,381,219
7/25/2020,Non-Hispanic Other,6182,918,549
7/25/2020,Unknown/Missing,37597,1649,56
7/26/2020,Non-Hispanic White,35833,5854,6413
7/26/2020,Non-Hispanic Black/African American,10824,1397,699
7/26/2020,Hispanic,22566,1625,594
7/26/2020,Non-Hispanic Asian,2432,381,219
7/26/2020,Non-Hispanic Other,6218,920,549
7/26/2020,Unknown/Missing,37764,1651,55
7/27/2020,Non-Hispanic White,35898,5856,6419
7/27/2020,Non-Hispanic Black/African American,10845,1399,699
7/27/2020,Hispanic,22601,1626,596
7/27/2020,Non-Hispanic Asian,2440,382,219
7/27/2020,Non-Hispanic Other,6233,921,549
7/27/2020,Unknown/Missing,37909,1649,54
7/28/2020,Non-Hispanic White,36047,5866,6428
7/28/2020,Non-Hispanic Black/African American,10870,1399,700
7/28/2020,Hispanic,22682,1631,597
7/28/2020,Non-Hispanic Asian,2445,383,219
7/28/2020,Non-Hispanic Other,6262,923,550
7/28/2020,Unknown/Missing,37876,1653,57
7/29/2020,Non-Hispanic White,36260,5875,6449
7/29/2020,Non-Hispanic Black/African American,10934,1400,703
7/29/2020,Hispanic,22789,1634,599
7/29/2020,Non-Hispanic Asian,2456,383,219
7/29/2020,Non-Hispanic Other,6297,927,551
7/29/2020,Unknown/Missing,37948,1657,59
7/30/2020,Non-Hispanic White,36416,5884,6458
7/30/2020,Non-Hispanic Black/African American,10959,1402,705
7/30/2020,Hispanic,22882,1634,599
7/30/2020,Non-Hispanic Asian,2461,383,219
7/30/2020,Non-Hispanic Other,6337,930,552
7/30/2020,Unknown/Missing,38043,1660,62
7/31/2020,Non-Hispanic White,36636,5900,6473
7/31/2020,Non-Hispanic Black/African American,10992,1405,706
7/31/2020,Hispanic,23035,1640,601
7/31/2020,Non-Hispanic Asian,2473,385,220
7/31/2020,Non-Hispanic Other,6387,930,552
7/31/2020,Unknown/Missing,38089,1648,57
