Date,Category,Response,Deaths
4/7/2020,Sex,Male,194
4/7/2020,Sex,Female,162
4/7/2020,Hosp,Yes,244
4/7/2020,Hosp,No,28
4/7/2020,Hosp,Unknown,84
4/7/2020,Preexist,Yes,174
4/7/2020,Preexist,No,4
4/7/2020,Preexist,Unknown,177
4/8/2020,Sex,Male,229
4/8/2020,Sex,Female,204
4/8/2020,Hosp,Yes,285
4/8/2020,Hosp,No,35
4/8/2020,Hosp,Unknown,113
4/8/2020,Preexist,Yes,201
4/8/2020,Preexist,No,5
4/8/2020,Preexist,Unknown,227
4/9/2020,Sex,Male,262
4/9/2020,Sex,Female,241
4/9/2020,Hosp,Yes,321
4/9/2020,Hosp,No,44
4/9/2020,Hosp,Unknown,138
4/9/2020,Preexist,Yes,226
4/9/2020,Preexist,No,6
4/9/2020,Preexist,Unknown,271
4/10/2020,Sex,Male,305
4/10/2020,Sex,Female,294
4/10/2020,Hosp,Yes,375
4/10/2020,Hosp,No,52
4/10/2020,Hosp,Unknown,172
4/10/2020,Preexist,Yes,258
4/10/2020,Preexist,No,8
4/10/2020,Preexist,Unknown,333
4/11/2020,Sex,Male,348
4/11/2020,Sex,Female,338
4/11/2020,Hosp,Yes,426
4/11/2020,Hosp,No,62
4/11/2020,Hosp,Unknown,198
4/11/2020,Preexist,Yes,286
4/11/2020,Preexist,No,8
4/11/2020,Preexist,Unknown,392
4/12/2020,Sex,Male,383
4/12/2020,Sex,Female,373
4/12/2020,Hosp,Yes,472
4/12/2020,Hosp,No,67
4/12/2020,Hosp,Unknown,217
4/12/2020,Preexist,Yes,317
4/12/2020,Preexist,No,8
4/12/2020,Preexist,Unknown,431
4/13/2020,Sex,Male,429
4/13/2020,Sex,Female,415
4/13/2020,Hosp,Yes,525
4/13/2020,Hosp,No,75
4/13/2020,Hosp,Unknown,244
4/13/2020,Preexist,Yes,341
4/13/2020,Preexist,No,10
4/13/2020,Preexist,Unknown,493
4/14/2020,Sex,Male,483
4/14/2020,Sex,Female,474
4/14/2020,Hosp,Yes,582
4/14/2020,Hosp,No,89
4/14/2020,Hosp,Unknown,286
4/14/2020,Preexist,Yes,373
4/14/2020,Preexist,No,11
4/14/2020,Preexist,Unknown,573
4/15/2020,Sex,Male,560
4/15/2020,Sex,Female,545
4/15/2020,Hosp,Yes,705
4/15/2020,Hosp,No,119
4/15/2020,Hosp,Unknown,284
4/15/2020,Preexist,Yes,507
4/15/2020,Preexist,No,13
4/15/2020,Preexist,Unknown,588
4/16/2020,Sex,Male,625
4/16/2020,Sex,Female,620
4/16/2020,Hosp,Yes,786
4/16/2020,Hosp,No,141
4/16/2020,Hosp,Unknown,318
4/16/2020,Preexist,Yes,550
4/16/2020,Preexist,No,13
4/16/2020,Preexist,Unknown,683
4/17/2020,Sex,Male,712
4/17/2020,Sex,Female,692
4/17/2020,Hosp,Yes,870
4/17/2020,Hosp,No,165
4/17/2020,Hosp,Unknown,369
4/17/2020,Preexist,Yes,599
4/17/2020,Preexist,No,17
4/17/2020,Preexist,Unknown,788
4/18/2020,Sex,Male,790
4/18/2020,Sex,Female,770
4/18/2020,Hosp,Yes,946
4/18/2020,Hosp,No,185
4/18/2020,Hosp,Unknown,424
4/18/2020,Preexist,Yes,681
4/18/2020,Preexist,No,18
4/18/2020,Preexist,Unknown,861
4/19/2020,Sex,Male,862
4/19/2020,Sex,Female,844
4/19/2020,Hosp,Yes,1030
4/19/2020,Hosp,No,197
4/19/2020,Hosp,Unknown,479
4/19/2020,Preexist,Yes,740
4/19/2020,Preexist,No,19
4/19/2020,Preexist,Unknown,947
4/20/2020,Sex,Male,910
4/20/2020,Sex,Female,897
4/20/2020,Hosp,Yes,1098
4/20/2020,Hosp,No,204
4/20/2020,Hosp,Unknown,507
4/20/2020,Preexist,Yes,782
4/20/2020,Preexist,No,20
4/20/2020,Preexist,Unknown,1007
4/21/2020,Sex,Male,988
4/21/2020,Sex,Female,966
4/21/2020,Hosp,Yes,1185
4/21/2020,Hosp,No,220
4/21/2020,Hosp,Unknown,556
4/21/2020,Preexist,Yes,847
4/21/2020,Preexist,No,20
4/21/2020,Preexist,Unknown,1094
4/22/2020,Sex,Male,1095
4/22/2020,Sex,Female,1077
4/22/2020,Hosp,Yes,1287
4/22/2020,Hosp,No,235
4/22/2020,Hosp,Unknown,660
4/22/2020,Preexist,Yes,921
4/22/2020,Preexist,No,21
4/22/2020,Preexist,Unknown,1240
4/23/2020,Sex,Male,1181
4/23/2020,Sex,Female,1178
4/23/2020,Hosp,Yes,1379
4/23/2020,Hosp,No,251
4/23/2020,Hosp,Unknown,730
4/23/2020,Preexist,Yes,983
4/23/2020,Preexist,No,21
4/23/2020,Preexist,Unknown,1356
4/24/2020,Sex,Male,1269
4/24/2020,Sex,Female,1286
4/24/2020,Hosp,Yes,1500
4/24/2020,Hosp,No,264
4/24/2020,Hosp,Unknown,792
4/24/2020,Preexist,Yes,1106
4/24/2020,Preexist,No,23
4/24/2020,Preexist,Unknown,1427
4/25/2020,Sex,Male,1366
4/25/2020,Sex,Female,1362
4/25/2020,Hosp,Yes,1611
4/25/2020,Hosp,No,306
4/25/2020,Hosp,Unknown,813
4/25/2020,Preexist,Yes,1191
4/25/2020,Preexist,No,23
4/25/2020,Preexist,Unknown,1516
4/26/2020,Sex,Male,1447
4/26/2020,Sex,Female,1443
4/26/2020,Hosp,Yes,1703
4/26/2020,Hosp,No,321
4/26/2020,Hosp,Unknown,875
4/26/2020,Preexist,Yes,1257
4/26/2020,Preexist,No,24
4/26/2020,Preexist,Unknown,1618
4/27/2020,Sex,Male,1487
4/27/2020,Sex,Female,1503
4/27/2020,Hosp,Yes,1777
4/27/2020,Hosp,No,330
4/27/2020,Hosp,Unknown,896
4/27/2020,Preexist,Yes,1289
4/27/2020,Preexist,No,25
4/27/2020,Preexist,Unknown,1689
4/28/2020,Sex,Male,1574
4/28/2020,Sex,Female,1572
4/28/2020,Hosp,Yes,1865
4/28/2020,Hosp,No,353
4/28/2020,Hosp,Unknown,935
4/28/2020,Preexist,Yes,1365
4/28/2020,Preexist,No,26
4/28/2020,Preexist,Unknown,1762
4/29/2020,Sex,Male,1681
4/29/2020,Sex,Female,1709
4/29/2020,Hosp,Yes,1971
4/29/2020,Hosp,No,396
4/29/2020,Hosp,Unknown,1038
4/29/2020,Preexist,Yes,1464
4/29/2020,Preexist,No,27
4/29/2020,Preexist,Unknown,1914
4/30/2020,Sex,Male,1765
4/30/2020,Sex,Female,1790
4/30/2020,Hosp,Yes,2057
4/30/2020,Hosp,No,413
4/30/2020,Hosp,Unknown,1092
4/30/2020,Preexist,Yes,1557
4/30/2020,Preexist,No,28
4/30/2020,Preexist,Unknown,1977
5/1/2020,Sex,Male,1837
5/1/2020,Sex,Female,1872
5/1/2020,Hosp,Yes,2154
5/1/2020,Hosp,No,422
5/1/2020,Hosp,Unknown,1140
5/1/2020,Preexist,Yes,1624
5/1/2020,Preexist,No,28
5/1/2020,Preexist,Unknown,2064
5/2/2020,Sex,Male,1895
5/2/2020,Sex,Female,1944
5/2/2020,Hosp,Yes,2235
5/2/2020,Hosp,No,431
5/2/2020,Hosp,Unknown,1180
5/2/2020,Preexist,Yes,1684
5/2/2020,Preexist,No,28
5/2/2020,Preexist,Unknown,2134
5/3/2020,Sex,Male,1970
5/3/2020,Sex,Female,2023
5/3/2020,Hosp,Yes,2320
5/3/2020,Hosp,No,447
5/3/2020,Hosp,Unknown,1237
5/3/2020,Preexist,Yes,1762
5/3/2020,Preexist,No,29
5/3/2020,Preexist,Unknown,2213
5/4/2020,Sex,Male,2005
5/4/2020,Sex,Female,2072
5/4/2020,Hosp,Yes,2374
5/4/2020,Hosp,No,458
5/4/2020,Hosp,Unknown,1258
5/4/2020,Preexist,Yes,1786
5/4/2020,Preexist,No,29
5/4/2020,Preexist,Unknown,2275
5/5/2020,Sex,Male,2076
5/5/2020,Sex,Female,2126
5/5/2020,Hosp,Yes,2457
5/5/2020,Hosp,No,475
5/5/2020,Hosp,Unknown,1280
5/5/2020,Preexist,Yes,1834
5/5/2020,Preexist,No,31
5/5/2020,Preexist,Unknown,2347
5/6/2020,Sex,Male,2169
5/6/2020,Sex,Female,2237
5/6/2020,Hosp,Yes,2549
5/6/2020,Hosp,No,497
5/6/2020,Hosp,Unknown,1374
5/6/2020,Preexist,Yes,1899
5/6/2020,Preexist,No,32
5/6/2020,Preexist,Unknown,2489
5/7/2020,Sex,Male,2238
5/7/2020,Sex,Female,2309
5/7/2020,Hosp,Yes,2615
5/7/2020,Hosp,No,511
5/7/2020,Hosp,Unknown,1426
5/7/2020,Preexist,Yes,1965
5/7/2020,Preexist,No,33
5/7/2020,Preexist,Unknown,2554
5/8/2020,Sex,Male,2313
5/8/2020,Sex,Female,2387
5/8/2020,Hosp,Yes,2704
5/8/2020,Hosp,No,540
5/8/2020,Hosp,Unknown,1458
5/8/2020,Preexist,Yes,2085
5/8/2020,Preexist,No,35
5/8/2020,Preexist,Unknown,2582
5/9/2020,Sex,Male,2378
5/9/2020,Sex,Female,2459
5/9/2020,Hosp,Yes,2763
5/9/2020,Hosp,No,572
5/9/2020,Hosp,Unknown,1505
5/9/2020,Preexist,Yes,2142
5/9/2020,Preexist,No,35
5/9/2020,Preexist,Unknown,2663
5/10/2020,Sex,Male,2440
5/10/2020,Sex,Female,2532
5/10/2020,Hosp,Yes,2817
5/10/2020,Hosp,No,590
5/10/2020,Hosp,Unknown,1572
5/10/2020,Preexist,Yes,2214
5/10/2020,Preexist,No,35
5/10/2020,Preexist,Unknown,2730
5/11/2020,Sex,Male,2500
5/11/2020,Sex,Female,2594
5/11/2020,Hosp,Yes,2900
5/11/2020,Hosp,No,598
5/11/2020,Hosp,Unknown,1610
5/11/2020,Preexist,Yes,2263
5/11/2020,Preexist,No,36
5/11/2020,Preexist,Unknown,2809
5/12/2020,Sex,Male,2514
5/12/2020,Sex,Female,2621
5/12/2020,Hosp,Yes,2934
5/12/2020,Hosp,No,595
5/12/2020,Hosp,Unknown,1612
5/12/2020,Preexist,Yes,2309
5/12/2020,Preexist,No,36
5/12/2020,Preexist,Unknown,2796
5/13/2020,Sex,Male,2592
5/13/2020,Sex,Female,2717
5/13/2020,Hosp,Yes,3012
5/13/2020,Hosp,No,619
5/13/2020,Hosp,Unknown,1684
5/13/2020,Preexist,Yes,2362
5/13/2020,Preexist,No,38
5/13/2020,Preexist,Unknown,2915
5/14/2020,Sex,Male,2656
5/14/2020,Sex,Female,2821
5/14/2020,Hosp,Yes,3084
5/14/2020,Hosp,No,639
5/14/2020,Hosp,Unknown,1759
5/14/2020,Preexist,Yes,2456
5/14/2020,Preexist,No,41
5/14/2020,Preexist,Unknown,2985
5/15/2020,Sex,Male,2703
5/15/2020,Sex,Female,2884
5/15/2020,Hosp,Yes,3136
5/15/2020,Hosp,No,653
5/15/2020,Hosp,Unknown,1803
5/15/2020,Preexist,Yes,2500
5/15/2020,Preexist,No,42
5/15/2020,Preexist,Unknown,3050
5/16/2020,Sex,Male,2749
5/16/2020,Sex,Female,2948
5/16/2020,Hosp,Yes,3198
5/16/2020,Hosp,No,660
5/16/2020,Hosp,Unknown,1847
5/16/2020,Preexist,Yes,2573
5/16/2020,Preexist,No,43
5/16/2020,Preexist,Unknown,3089
5/17/2020,Sex,Male,2796
5/17/2020,Sex,Female,2989
5/17/2020,Hosp,Yes,3252
5/17/2020,Hosp,No,667
5/17/2020,Hosp,Unknown,1878
5/17/2020,Preexist,Yes,2625
5/17/2020,Preexist,No,43
5/17/2020,Preexist,Unknown,3129
5/18/2020,Sex,Male,2830
5/18/2020,Sex,Female,3019
5/18/2020,Hosp,Yes,3294
5/18/2020,Hosp,No,677
5/18/2020,Hosp,Unknown,1891
5/18/2020,Preexist,Yes,2643
5/18/2020,Preexist,No,44
5/18/2020,Preexist,Unknown,3175
5/19/2020,Sex,Male,2870
5/19/2020,Sex,Female,3064
5/19/2020,Hosp,Yes,3341
5/19/2020,Hosp,No,689
5/19/2020,Hosp,Unknown,1908
5/19/2020,Preexist,Yes,2691
5/19/2020,Preexist,No,47
5/19/2020,Preexist,Unknown,3200
5/20/2020,Sex,Male,2918
5/20/2020,Sex,Female,3141
5/20/2020,Hosp,Yes,3393
5/20/2020,Hosp,No,703
5/20/2020,Hosp,Unknown,1970
5/20/2020,Preexist,Yes,2733
5/20/2020,Preexist,No,49
5/20/2020,Preexist,Unknown,3284
5/21/2020,Sex,Male,2954
5/21/2020,Sex,Female,3189
5/21/2020,Hosp,Yes,3440
5/21/2020,Hosp,No,716
5/21/2020,Hosp,Unknown,1992
5/21/2020,Preexist,Yes,2788
5/21/2020,Preexist,No,50
5/21/2020,Preexist,Unknown,3310
5/22/2020,Sex,Male,2985
5/22/2020,Sex,Female,3238
5/22/2020,Hosp,Yes,3482
5/22/2020,Hosp,No,726
5/22/2020,Hosp,Unknown,2020
5/22/2020,Preexist,Yes,2821
5/22/2020,Preexist,No,52
5/22/2020,Preexist,Unknown,3355
5/23/2020,Sex,Male,3032
5/23/2020,Sex,Female,3266
5/23/2020,Hosp,Yes,3517
5/23/2020,Hosp,No,736
5/23/2020,Hosp,Unknown,2051
5/23/2020,Preexist,Yes,2854
5/23/2020,Preexist,No,52
5/23/2020,Preexist,Unknown,3398
5/24/2020,Sex,Male,3060
5/24/2020,Sex,Female,3305
5/24/2020,Hosp,Yes,3550
5/24/2020,Hosp,No,741
5/24/2020,Hosp,Unknown,2081
5/24/2020,Preexist,Yes,2889
5/24/2020,Preexist,No,52
5/24/2020,Preexist,Unknown,3431
5/25/2020,Sex,Male,3076
5/25/2020,Sex,Female,3333
5/25/2020,Hosp,Yes,3570
5/25/2020,Hosp,No,745
5/25/2020,Hosp,Unknown,2101
5/25/2020,Preexist,Yes,2898
5/25/2020,Preexist,No,52
5/25/2020,Preexist,Unknown,3466
5/26/2020,Sex,Male,3097
5/26/2020,Sex,Female,3369
5/26/2020,Hosp,Yes,3597
5/26/2020,Hosp,No,754
5/26/2020,Hosp,Unknown,2122
5/26/2020,Preexist,Yes,2924
5/26/2020,Preexist,No,52
5/26/2020,Preexist,Unknown,3497
5/27/2020,Sex,Male,3137
5/27/2020,Sex,Female,3405
5/27/2020,Hosp,Yes,3630
5/27/2020,Hosp,No,781
5/27/2020,Hosp,Unknown,2136
5/27/2020,Preexist,Yes,2953
5/27/2020,Preexist,No,52
5/27/2020,Preexist,Unknown,3542
5/28/2020,Sex,Male,3174
5/28/2020,Sex,Female,3461
5/28/2020,Hosp,Yes,3685
5/28/2020,Hosp,No,794
5/28/2020,Hosp,Unknown,2161
5/28/2020,Preexist,Yes,3027
5/28/2020,Preexist,No,54
5/28/2020,Preexist,Unknown,3559
5/29/2020,Sex,Male,3209
5/29/2020,Sex,Female,3502
5/29/2020,Hosp,Yes,3720
5/29/2020,Hosp,No,811
5/29/2020,Hosp,Unknown,2187
5/29/2020,Preexist,Yes,3070
5/29/2020,Preexist,No,54
5/29/2020,Preexist,Unknown,3594
5/30/2020,Sex,Male,3229
5/30/2020,Sex,Female,3534
5/30/2020,Hosp,Yes,3743
5/30/2020,Hosp,No,825
5/30/2020,Hosp,Unknown,2200
5/30/2020,Preexist,Yes,3115
5/30/2020,Preexist,No,54
5/30/2020,Preexist,Unknown,3599
5/31/2020,Sex,Male,3263
5/31/2020,Sex,Female,3577
5/31/2020,Hosp,Yes,3779
5/31/2020,Hosp,No,831
5/31/2020,Hosp,Unknown,2236
5/31/2020,Preexist,Yes,3155
5/31/2020,Preexist,No,54
5/31/2020,Preexist,Unknown,3637
