Date,Category,Response,Deaths
4/7/2020,Sex,Male,194
4/7/2020,Sex,Female,162
4/7/2020,Hosp,Yes,244
4/7/2020,Hosp,No,28
4/7/2020,Hosp,Unknown,84
4/7/2020,Preexist,Yes,174
4/7/2020,Preexist,No,4
4/7/2020,Preexist,Unknown,177
4/8/2020,Sex,Male,229
4/8/2020,Sex,Female,204
4/8/2020,Hosp,Yes,285
4/8/2020,Hosp,No,35
4/8/2020,Hosp,Unknown,113
4/8/2020,Preexist,Yes,201
4/8/2020,Preexist,No,5
4/8/2020,Preexist,Unknown,227
4/9/2020,Sex,Male,262
4/9/2020,Sex,Female,241
4/9/2020,Hosp,Yes,321
4/9/2020,Hosp,No,44
4/9/2020,Hosp,Unknown,138
4/9/2020,Preexist,Yes,226
4/9/2020,Preexist,No,6
4/9/2020,Preexist,Unknown,271
4/10/2020,Sex,Male,305
4/10/2020,Sex,Female,294
4/10/2020,Hosp,Yes,375
4/10/2020,Hosp,No,52
4/10/2020,Hosp,Unknown,172
4/10/2020,Preexist,Yes,258
4/10/2020,Preexist,No,8
4/10/2020,Preexist,Unknown,333
4/11/2020,Sex,Male,348
4/11/2020,Sex,Female,338
4/11/2020,Hosp,Yes,426
4/11/2020,Hosp,No,62
4/11/2020,Hosp,Unknown,198
4/11/2020,Preexist,Yes,286
4/11/2020,Preexist,No,8
4/11/2020,Preexist,Unknown,392
4/12/2020,Sex,Male,383
4/12/2020,Sex,Female,373
4/12/2020,Hosp,Yes,472
4/12/2020,Hosp,No,67
4/12/2020,Hosp,Unknown,217
4/12/2020,Preexist,Yes,317
4/12/2020,Preexist,No,8
4/12/2020,Preexist,Unknown,431
4/13/2020,Sex,Male,429
4/13/2020,Sex,Female,415
4/13/2020,Hosp,Yes,525
4/13/2020,Hosp,No,75
4/13/2020,Hosp,Unknown,244
4/13/2020,Preexist,Yes,341
4/13/2020,Preexist,No,10
4/13/2020,Preexist,Unknown,493
4/14/2020,Sex,Male,483
4/14/2020,Sex,Female,474
4/14/2020,Hosp,Yes,582
4/14/2020,Hosp,No,89
4/14/2020,Hosp,Unknown,286
4/14/2020,Preexist,Yes,373
4/14/2020,Preexist,No,11
4/14/2020,Preexist,Unknown,573
4/15/2020,Sex,Male,560
4/15/2020,Sex,Female,545
4/15/2020,Hosp,Yes,705
4/15/2020,Hosp,No,119
4/15/2020,Hosp,Unknown,284
4/15/2020,Preexist,Yes,507
4/15/2020,Preexist,No,13
4/15/2020,Preexist,Unknown,588
4/16/2020,Sex,Male,625
4/16/2020,Sex,Female,620
4/16/2020,Hosp,Yes,786
4/16/2020,Hosp,No,141
4/16/2020,Hosp,Unknown,318
4/16/2020,Preexist,Yes,550
4/16/2020,Preexist,No,13
4/16/2020,Preexist,Unknown,683
4/17/2020,Sex,Male,712
4/17/2020,Sex,Female,692
4/17/2020,Hosp,Yes,870
4/17/2020,Hosp,No,165
4/17/2020,Hosp,Unknown,369
4/17/2020,Preexist,Yes,599
4/17/2020,Preexist,No,17
4/17/2020,Preexist,Unknown,788
4/18/2020,Sex,Male,790
4/18/2020,Sex,Female,770
4/18/2020,Hosp,Yes,946
4/18/2020,Hosp,No,185
4/18/2020,Hosp,Unknown,424
4/18/2020,Preexist,Yes,681
4/18/2020,Preexist,No,18
4/18/2020,Preexist,Unknown,861
4/19/2020,Sex,Male,862
4/19/2020,Sex,Female,844
4/19/2020,Hosp,Yes,1030
4/19/2020,Hosp,No,197
4/19/2020,Hosp,Unknown,479
4/19/2020,Preexist,Yes,740
4/19/2020,Preexist,No,19
4/19/2020,Preexist,Unknown,947
4/20/2020,Sex,Male,910
4/20/2020,Sex,Female,897
4/20/2020,Hosp,Yes,1098
4/20/2020,Hosp,No,204
4/20/2020,Hosp,Unknown,507
4/20/2020,Preexist,Yes,782
4/20/2020,Preexist,No,20
4/20/2020,Preexist,Unknown,1007
4/21/2020,Sex,Male,988
4/21/2020,Sex,Female,966
4/21/2020,Hosp,Yes,1185
4/21/2020,Hosp,No,220
4/21/2020,Hosp,Unknown,556
4/21/2020,Preexist,Yes,847
4/21/2020,Preexist,No,20
4/21/2020,Preexist,Unknown,1094
4/22/2020,Sex,Male,1095
4/22/2020,Sex,Female,1077
4/22/2020,Hosp,Yes,1287
4/22/2020,Hosp,No,235
4/22/2020,Hosp,Unknown,660
4/22/2020,Preexist,Yes,921
4/22/2020,Preexist,No,21
4/22/2020,Preexist,Unknown,1240
4/23/2020,Sex,Male,1181
4/23/2020,Sex,Female,1178
4/23/2020,Hosp,Yes,1379
4/23/2020,Hosp,No,251
4/23/2020,Hosp,Unknown,730
4/23/2020,Preexist,Yes,983
4/23/2020,Preexist,No,21
4/23/2020,Preexist,Unknown,1356
4/24/2020,Sex,Male,1269
4/24/2020,Sex,Female,1286
4/24/2020,Hosp,Yes,1500
4/24/2020,Hosp,No,264
4/24/2020,Hosp,Unknown,792
4/24/2020,Preexist,Yes,1106
4/24/2020,Preexist,No,23
4/24/2020,Preexist,Unknown,1427
4/25/2020,Sex,Male,1366
4/25/2020,Sex,Female,1362
4/25/2020,Hosp,Yes,1611
4/25/2020,Hosp,No,306
4/25/2020,Hosp,Unknown,813
4/25/2020,Preexist,Yes,1191
4/25/2020,Preexist,No,23
4/25/2020,Preexist,Unknown,1516
4/26/2020,Sex,Male,1447
4/26/2020,Sex,Female,1443
4/26/2020,Hosp,Yes,1703
4/26/2020,Hosp,No,321
4/26/2020,Hosp,Unknown,875
4/26/2020,Preexist,Yes,1257
4/26/2020,Preexist,No,24
4/26/2020,Preexist,Unknown,1618
4/27/2020,Sex,Male,1487
4/27/2020,Sex,Female,1503
4/27/2020,Hosp,Yes,1777
4/27/2020,Hosp,No,330
4/27/2020,Hosp,Unknown,896
4/27/2020,Preexist,Yes,1289
4/27/2020,Preexist,No,25
4/27/2020,Preexist,Unknown,1689
4/28/2020,Sex,Male,1574
4/28/2020,Sex,Female,1572
4/28/2020,Hosp,Yes,1865
4/28/2020,Hosp,No,353
4/28/2020,Hosp,Unknown,935
4/28/2020,Preexist,Yes,1365
4/28/2020,Preexist,No,26
4/28/2020,Preexist,Unknown,1762
4/29/2020,Sex,Male,1681
4/29/2020,Sex,Female,1709
4/29/2020,Hosp,Yes,1971
4/29/2020,Hosp,No,396
4/29/2020,Hosp,Unknown,1038
4/29/2020,Preexist,Yes,1464
4/29/2020,Preexist,No,27
4/29/2020,Preexist,Unknown,1914
4/30/2020,Sex,Male,1765
4/30/2020,Sex,Female,1790
4/30/2020,Hosp,Yes,2057
4/30/2020,Hosp,No,413
4/30/2020,Hosp,Unknown,1092
4/30/2020,Preexist,Yes,1557
4/30/2020,Preexist,No,28
4/30/2020,Preexist,Unknown,1977
5/1/2020,Sex,Male,1837
5/1/2020,Sex,Female,1872
5/1/2020,Hosp,Yes,2154
5/1/2020,Hosp,No,422
5/1/2020,Hosp,Unknown,1140
5/1/2020,Preexist,Yes,1624
5/1/2020,Preexist,No,28
5/1/2020,Preexist,Unknown,2064
5/2/2020,Sex,Male,1895
5/2/2020,Sex,Female,1944
5/2/2020,Hosp,Yes,2235
5/2/2020,Hosp,No,431
5/2/2020,Hosp,Unknown,1180
5/2/2020,Preexist,Yes,1684
5/2/2020,Preexist,No,28
5/2/2020,Preexist,Unknown,2134
5/3/2020,Sex,Male,1970
5/3/2020,Sex,Female,2023
5/3/2020,Hosp,Yes,2320
5/3/2020,Hosp,No,447
5/3/2020,Hosp,Unknown,1237
5/3/2020,Preexist,Yes,1762
5/3/2020,Preexist,No,29
5/3/2020,Preexist,Unknown,2213
5/4/2020,Sex,Male,2005
5/4/2020,Sex,Female,2072
5/4/2020,Hosp,Yes,2374
5/4/2020,Hosp,No,458
5/4/2020,Hosp,Unknown,1258
5/4/2020,Preexist,Yes,1786
5/4/2020,Preexist,No,29
5/4/2020,Preexist,Unknown,2275
